Exemplo,Historia,Divida,Garantia,Renda,Emprego,Idade,Risco
E1,Ruim,Alta,Nenhuma,$0 a $15k,Fixo,Adulto,Alto
E2,Desconhecida,Alta,Nenhuma,$15k a $35k,Autônomo,Jovem,Alto
E3,Desconhecida,Baixa,Nenhuma,$15k a $35k,Fixo,Jovem,Moderado
E4,Desconhecida,Baixa,Nenhuma,$0 a $15k,Desempregado,Adulto,Alto
E5,Desconhecida,Baixa,Nenhuma,Acima de $35k,Fixo,Adulto,Baixo
E6,Desconhecida,Baixa,Adequada,Acima de $35k,Fixo,Adulto,Baixo
E7,Ruim,Baixa,Nenhuma,$0 a $15k,Autônomo,Jovem,Alto
E8,Ruim,Baixa,Adequada,Acima de $35k,Fixo,Adulto,Moderado
E9,Boa,Baixa,Nenhuma,Acima de $35k,Fixo,Jovem,Baixo
E10,Boa,Alta,Adequada,Acima de $35k,Fixo,Adulto,Baixo
E11,Boa,Alta,Nenhuma,$0 a $15k,Autônomo,Jovem,Alto
E12,Boa,Alta,Nenhuma,$15k a $35k,Fixo,Jovem,Moderado
E13,Boa,Alta,Nenhuma,Acima de $35k,Fixo,Adulto,Baixo
E14,Ruim,Alta,Nenhuma,$15k a $35k,Desempregado,Adulto,Alto
E15,Boa,Baixa,Adequada,$15k a $35k,Fixo,Adulto,Baixo
E16,Ruim,Alta,Nenhuma,$0 a $15k,Desempregado,Jovem,Alto
E17,Desconhecida,Baixa,Adequada,$15k a $35k,Autônomo,Adulto,Moderado
E18,Boa,Baixa,Nenhuma,Acima de $35k,Fixo,Adulto,Baixo
E19,Ruim,Alta,Adequada,$15k a $35k,Fixo,Adulto,Moderado
E20,Desconhecida,Alta,Nenhuma,$0 a $15k,Desempregado,Adulto,Alto
E21,Boa,Alta,Adequada,Acima de $35k,Autônomo,Adulto,Baixo
E22,Ruim,Baixa,Nenhuma,$15k a $35k,Fixo,Jovem,Moderado
E23,Desconhecida,Baixa,Nenhuma,Acima de $35k,Fixo,Adulto,Baixo
E24,Ruim,Alta,Nenhuma,$0 a $15k,Autônomo,Jovem,Alto
E25,Boa,Baixa,Adequada,$0 a $15k,Fixo,Adulto,Moderado
E26,Desconhecida,Alta,Adequada,Acima de $35k,Fixo,Jovem,Baixo
E27,Boa,Baixa,Nenhuma,$15k a $35k,Autônomo,Jovem,Moderado
E28,Ruim,Alta,Nenhuma,Acima de $35k,Desempregado,Adulto,Alto
E29,Desconhecida,Baixa,Adequada,$0 a $15k,Fixo,Adulto,Moderado
E30,Boa,Alta,Nenhuma,$0 a $15k,Fixo,Jovem,Alto